Date/Time,Energy Produced (Wh)
10/31/2024,"1,955"
11/01/2024,996
11/02/2024,"8,228"
11/03/2024,"9,744"
11/04/2024,"9,532"
11/05/2024,"8,951"
11/06/2024,"1,588"
11/07/2024,"1,260"
11/08/2024,682
11/09/2024,646
11/10/2024,215
11/11/2024,"5,634"
11/12/2024,"7,206"
11/13/2024,"1,677"
11/14/2024,"1,616"
11/15/2024,"1,486"
11/16/2024,834
11/17/2024,"4,338"
11/18/2024,"5,019"
11/19/2024,"1,992"
11/20/2024,"1,451"
11/21/2024,"3,405"
11/22/2024,"1,523"
11/23/2024,901
11/24/2024,"4,402"
11/25/2024,721
11/26/2024,"2,194"
11/27/2024,129
11/28/2024,"4,808"
11/29/2024,"6,827"
11/30/2024,"3,398"
12/01/2024,"5,584"
Total,"108,942"
